expert_id,field,1.1.1,1.1.2,1.1.3,1.2.1,1.2.2,1.3.1,D1,2.1.1,2.1.2,2.1.3,2.2.1,2.2.2,2.3.1,2.4.1,D2,3.1.1,3.2.1,3.2.2,3.2.3,3.2.4,3.3.1,3.3.2,D3,4.1.1,4.2.1,4.3.1,4.3.2,4.4.1,4.4.2,D4,5.1.1,5.1.2,5.2.1,5.2.2,5.3.1,5.4.1,5.4.2,D5,W1,W2,W3,W4,W5
E01,검도지도자,4,4,4,4,3,4,5,5,5,5,5,5,3,5,5,5,3,3,4,4,5,4,5,3,5,5,4,5,5,5,3,4,4,4,5,4,4,4,20,22,24,22,12
E02,검도지도자,4,4,5,5,4,5,4,4,3,5,5,5,5,5,5,4,5,4,3,4,5,4,4,5,4,4,5,5,4,4,3,4,3,4,3,4,5,4,22,20,17,24,17
E03,검도지도자,5,4,4,4,4,5,5,4,4,5,5,4,5,4,4,5,5,3,5,5,4,5,3,4,4,4,4,5,3,4,3,4,4,4,5,4,5,3,23,21,21,21,14
E04,검도지도자,4,5,4,5,5,4,5,5,5,5,3,4,4,4,5,5,3,3,4,4,5,5,5,4,4,5,4,3,3,5,3,4,5,4,4,1,4,4,25,16,19,23,17
E05,체육교육,4,4,5,4,4,4,5,5,5,4,5,3,4,4,4,4,5,4,4,5,4,3,3,5,5,4,4,5,4,5,4,5,5,4,3,4,4,4,25,16,21,18,20
E06,체육교육,4,4,5,4,4,3,4,5,5,4,5,5,5,5,5,4,5,3,4,4,4,4,5,4,4,4,5,4,5,3,3,5,4,5,4,3,4,5,20,22,25,24,9
E07,체육교육,5,3,5,3,4,5,3,4,5,3,4,4,5,5,5,5,4,4,3,5,5,4,4,4,5,5,5,5,5,5,5,4,5,5,3,3,4,4,23,19,23,18,17
E08,VR개발,5,3,5,5,4,5,5,5,5,3,5,5,4,4,5,3,5,5,4,5,5,4,5,5,4,4,5,5,4,4,2,4,5,4,4,3,5,5,18,16,16,19,31
E09,VR개발,4,5,5,5,4,3,4,3,4,5,4,4,4,5,5,4,5,4,5,4,4,5,4,5,4,4,5,4,5,4,5,5,5,4,4,4,5,4,23,18,19,22,18
E10,VR개발,4,4,4,5,3,5,4,4,5,5,5,4,5,4,3,4,4,5,4,3,4,5,4,3,4,5,5,5,5,5,3,5,5,5,5,2,4,5,19,15,22,17,27
E11,교육공학,5,5,4,5,5,4,4,5,4,5,5,4,4,5,5,5,5,4,5,5,5,4,4,5,4,4,4,3,4,3,3,5,5,4,4,2,5,5,23,25,21,23,8
E12,교육공학,5,5,3,4,4,3,3,4,4,3,4,5,5,5,5,5,3,4,4,4,4,4,5,2,4,4,4,4,4,4,4,5,4,4,4,1,4,4,22,25,19,15,19
